Metric,Value
Cumulative Return (%),-99.07753448661275
Annualized Return (%),-37.91821308245165
Sharpe Ratio,-0.5133010125317101
Max Drawdown (%),-99.35386792143787
